Symbol,0 LSTM Prediction,0 5-day Trend of LSTM,1 Vote for Positve %,1 5-day Trend of Vote,1 K mean predicted by reggresion,1 5-day Trend of K mean,2 Vote for Positve %,2 5-day Trend of Vote,2 K mean predicted by reggresion,2 5-day Trend of K mean,3 LDA Gain Loss dB,Total,Sector,Rank,Rank Percent
VZ,,,43.795175797544694,-0.050116572227636345,-0.016572302793000974,-0.006724014673482923,47.05965675464779,-0.0024190607192882117,-0.019239403552762664,-0.006864665637312377,12.124843864682981,11.21032711990223,Communication Services,12,0.95
META,,,54.056382821114646,-0.02298019672166017,0.9883875579056951,0.12635155694750477,54.301595702193694,0.004654441829812154,0.9094668373173421,0.09563148593091618,9.90867154219464,10.744469394525474,Communication Services,14,0.94
CMCSA,,,46.67113800255187,0.03335906089403643,-0.03403680021385152,-0.002517809492877198,44.96743130027285,-0.01516964908539652,-0.036494663022269315,-0.0024808772531897693,3.92131565100045,3.0851725812829223,Communication Services,44,0.81
NFLX,,,52.882747485490434,0.1304182931203062,0.1494862943548739,0.04039048075192629,54.93378932110887,0.3381840999381771,0.17197003146714038,0.037803711224557654,-0.20688329421162024,0.5747703864483104,Communication Services,69,0.7
T,,,50.414491117778624,0.015207137327282927,-0.011735161314100644,-0.0026045792898344343,53.91768803256336,0.03343663598762623,-0.011708309767188977,-0.0027200398243768424,-2.9291202431923353,-2.4959023281581367,Communication Services,96,0.58
DIS,,,45.36479037108794,0.1415155765361297,-0.04722842672106397,0.00902420074936014,47.77202223148648,0.09585067584202153,-0.019446439359088463,0.015105033842561549,-7.3126938200040215,-7.999012559746579,Communication Services,182,0.21
GOOG,,,51.223399189664875,0.07307595234837747,-0.16166977522019146,-0.003885187753863647,57.35778358192506,0.07888657537731933,-0.15113087859001892,-0.0030069019124769076,-9.510606376905432,-8.652488099746439,Communication Services,192,0.17
AMZN,,,51.0347015549594,-0.09298176371914449,0.06437825207948057,0.02208139631367036,51.45836858682641,0.018096785907093765,0.050392313042313196,0.019112475462274497,11.867529660759937,12.116836674938517,Consumer Discretionary,8,0.97
ONON,,,75.08168498168497,-0.08825899264134575,0.004298607842214374,-0.011917366711252222,71.97803215303215,-0.13310354460354587,0.04333897051679087,-0.0036635269012695888,4.476428852778926,9.182400566250639,Consumer Discretionary,23,0.9
DECK,,,59.01442894509047,0.021396433103311078,0.1422248681333372,0.00109647858243615,58.240276064148645,-0.0608338903204082,0.14776426941089768,0.0013526157923771625,1.3299036955274262,3.055374196451338,Consumer Discretionary,45,0.8
BKNG,,,57.085040882407796,-0.1452079523968173,-1.765762677729248,-0.04778680906914989,56.284431989469354,-0.020795261559543716,-1.0533946523431768,0.032898199638329344,0.5113782036913801,1.848325490879095,Consumer Discretionary,54,0.77
LULU,,,59.02037204045303,0.577269847686374,-0.036125664457407905,0.0019510184671595531,58.350719239162274,0.5688795836543216,-0.026273531488966752,0.01715357161202724,-2.49282960911875,-0.7557204811572196,Consumer Discretionary,77,0.67
NKE,,,61.67972523434436,0.10906356460067157,-0.07072500600501963,-0.0022296717756814005,62.84178729649521,0.1311055763325594,-0.05308536083064129,-8.89347516969318e-05,-3.359424389803744,-0.907273136719787,Consumer Discretionary,79,0.66
MCD,,,63.40293416404839,0.04828253030468606,-0.002008491545988847,0.006514462456362435,64.35534974282956,0.007840703233396739,-0.002006626937631518,0.0037801068408885577,-4.4414529767885025,-1.6656245861007086,Consumer Discretionary,83,0.64
HD,,,47.75120035931973,-0.21431349275078748,-0.2559071390513447,-0.009842811429904232,46.93554499977274,-0.23023617812009234,-0.18845195092982867,0.009405833982656648,-1.9437442918761552,-2.475069755966908,Consumer Discretionary,94,0.59
EXPE,,,44.93394616979362,-0.09224906632835937,-0.07760643886442403,0.007476529227372714,45.51826544126263,-0.022101330448115984,-0.1281801666859092,-0.0034850674499988426,-2.3625671522990124,-3.317345991193388,Consumer Discretionary,107,0.53
TSLA,,,50.835625088241784,-0.03337123303281455,0.02763827568300036,0.003289152636884588,44.72502343760304,0.019632429720847836,0.01934122901769439,0.004121375984293569,-3.4036204114938293,-3.847555558909347,Consumer Discretionary,120,0.48
LOW,,,45.45195493207505,-0.26334446612356804,-0.005835957139208408,-0.013593690307654492,47.29615372907085,-0.22335330616596216,0.001405827949622476,-0.014503994325850887,-4.123446121860916,-4.848635255746326,Consumer Discretionary,133,0.42
CMG,,,59.78650332810409,0.10136644043750044,0.015386975586350892,0.0037372207672991794,62.29248513465575,0.17394019414263046,0.018794180983392497,0.0032572459669501326,-7.636601465975646,-5.428702619699663,Consumer Discretionary,147,0.36
PDD,,,29.678602552131967,-0.02081544980074373,-0.3664983455735565,0.017839097539447065,30.53445720945721,0.04197077922077954,-0.3762676614356631,0.029011491312097064,-2.6917507242411665,-6.670444748082248,Consumer Discretionary,162,0.3
WSM,,,33.58112720350234,-0.08665558412490026,-0.12803237939734388,-0.0019419190888049565,36.83937022817651,-0.07041897875447557,-0.12069473045068406,-0.0026676399532213654,-3.7362100053353253,-6.69416026216744,Consumer Discretionary,163,0.29
MELI,,,64.12463891553708,0.014475019314381093,0.525565626583863,0.05445257963756108,68.37112842912165,0.09241162691435748,0.7450420001730027,0.06721208630811634,-10.54822154058077,-7.298644806114897,Consumer Discretionary,171,0.26
ALV,,,43.687225476452,0.1425147717597596,0.013035092536887581,0.015555687529965275,44.80314924388803,0.035795890417364085,-0.020233041417160175,0.007054676884157736,-6.189062748480779,-7.340025276446776,Consumer Discretionary,173,0.25
TJX,,,38.72527104393363,-0.14872945249576444,-0.008541399084532516,-0.0026227880201013885,41.101946883644814,-0.10615608064495674,-0.015137020021382603,-0.0057075557557462984,-7.593692157823584,-9.61097036506574,Consumer Discretionary,202,0.12
WMT,,,57.502154255590156,-0.0843999313271896,0.037849303572512843,-0.0043418433604923345,54.878724524178054,-0.03017509808217184,0.028380736043456166,-0.0037306610329553617,-2.084088993134995,-0.8460011151581739,Consumer Staples,78,0.66
KO,,,53.76023162529079,-0.26723324491065115,-0.005167723617605987,-0.0029995657676177814,57.64255749197346,-0.15910358874621575,-0.0037624642878651437,-0.003511549761390341,-2.1823597073289305,-1.042080795602505,Consumer Staples,80,0.65
PEP,,,49.88024851978717,-0.2073449450454885,-0.028842350492798475,0.007037615683194091,49.79604070103459,-0.19765170759672882,-0.025560100695798067,0.003076677882775222,-3.6763292820456632,-3.708700359963487,Consumer Staples,115,0.5
PG,,,32.07028305894485,-0.01809266555724401,-0.05521994134406416,-0.0063293770541942,32.07718536207925,0.032309021880784675,-0.08205002289318994,-0.011679107552232776,-1.9925517897421965,-5.577804947639786,Consumer Staples,149,0.35
COST,,,53.81404992114385,-0.1730809456465468,0.25062582714297366,0.012885516525778904,51.31129948571868,-0.2431848167036305,0.28237613480056994,-0.017574230002283562,-7.767204423296735,-7.254669482610482,Consumer Staples,170,0.26
MO,,,47.147175136494326,-0.3075288848520386,0.004001757723670406,-0.0017728419787659809,47.300932028237746,-0.3549721235402681,-0.003561562956218507,-0.0030946291326277163,-7.462466172659172,-8.017655456185965,Consumer Staples,183,0.2
EL,,,44.30705118907941,0.252593582222185,-0.061219926783032556,0.028829638698118526,43.557874442512855,0.13984883714747587,-0.089025810162957,0.021948923452139453,-8.071802784274068,-9.285310221114841,Consumer Staples,196,0.15
MDLZ,,,43.54334901959609,-0.1183104897779356,0.008139739110261978,-0.004712227855446137,47.321285802359164,-0.045471149822005764,0.009003770516239322,-0.0028402222324915008,-8.92823826804168,-9.841774785846155,Consumer Staples,207,0.1
CPB,,,42.370980946146716,0.05360882020547529,-0.010528588931271605,0.005199966933036531,39.38374901484494,0.005829880154487354,-0.029948581876855455,-0.0002065082239598931,-8.145200641218906,-9.969727645119741,Consumer Staples,209,0.09
KR,,,29.996202161647947,-0.11234668689558282,-0.06144049030019718,-0.00032865448715645895,28.524923179090763,-0.1602728494945356,-0.05927597130633687,-0.003311202847228856,-6.0269218022116995,-10.174809268137828,Consumer Staples,211,0.08
WCLD,,,58.24930287577349,0.16293508343508367,0.10633246499632647,0.007204922551852989,60.14868464868467,0.31210205072705105,0.09996372652881376,0.010920800522195968,16.047317280370244,17.88711603281606,ETF,1,1.0
DXJ,,,61.808822034694074,0.06845534495720704,0.003907785072976988,0.0028790735481596767,61.24394450411542,-0.023494778531750245,-0.011029139219015011,0.0021637245897265338,9.614510535987474,11.919787189868423,ETF,9,0.96
FNGS,,,69.48093758093759,0.24019096644096619,0.05963287695722921,0.008658054323355558,65.5081353831354,0.1378547052076463,0.038848276852283294,0.007585512297201799,7.634826823614902,11.1337341200222,ETF,13,0.94
IGV,,,60.318933406625874,0.16174306430216864,0.039463486801967165,0.0038133753184471644,60.59132069761862,0.06991960135804758,0.03336587153267812,0.0017852549938910584,7.935164516588325,10.026189927012775,ETF,16,0.93
JEPI,,,29.496030821030843,-0.10783423983423973,0.008922314408163259,0.00018341790997743884,30.876484952955554,-0.10833144633144631,0.010223065965148244,-0.00044152302474704397,6.91408917152433,2.951340748922969,ETF,46,0.8
VOO,,,54.188158516965714,0.09582357049619142,-0.3643029308784763,-0.016789432144903308,55.550002793635215,0.07763134347362942,-0.3413734779065887,-0.008462979491455278,0.2703938717580854,1.2442100028181782,ETF,63,0.73
XLK,,,53.03468603995352,-0.20388230956766829,0.031410091178560556,-0.006858849139072342,58.94719124743153,-0.15329453800678952,0.04697514334854091,0.003890369672413352,-1.0591815183210112,0.13900621041749384,ETF,72,0.69
SPY,,,53.082937613764486,0.08455142027259532,-0.012116733839691982,0.026069977170098922,53.09830558294722,0.12763611052093354,-0.11051051021356405,0.017087802798000908,-0.7101895543585155,-0.09206523468734429,ETF,74,0.68
VGT,,,60.72489252641631,-0.1083996756836517,0.20379471486461995,0.006065273784705777,57.63591308412548,-0.06472378981838244,0.15689164363678,0.005058736068231288,-2.3782310204255284,-0.5421504593713493,ETF,75,0.67
IYK,,,59.283607743931185,-0.1695367740120933,-0.0029168813619811006,-0.0033500780004729557,54.4317823030373,-0.2719807279148754,-0.003994888728544909,-0.0021117927843199323,-2.7122881752145833,-1.3407491705177348,ETF,81,0.65
SMH,,,59.00786621012141,-0.020156489169434803,0.027061124676502537,-0.009476473559603665,58.34638536699359,-0.03416282754817871,0.04814013109869319,-0.0038880424087500073,-3.5484183923767887,-1.8129932346652886,ETF,86,0.63
SPYD,,,55.45535560926858,0.02752085727650128,-0.045734180220920795,-0.00704557180496069,58.35523759483655,0.2317111517568906,-0.031928521663384946,-0.004723160649983559,-3.2543407933055186,-1.8732814728950058,ETF,87,0.62
VDE,,,46.26547566889735,0.04090888734624536,-0.13162662084480065,0.0037764328459400703,43.629204028062276,5.105796251879318e-05,-0.10958128243619636,0.0014006643473208325,-1.1536427562431106,-2.1641747865471475,ETF,91,0.6
XLI,,,51.49294615836744,0.19702535197198176,-0.009676260893359441,0.0031132367543125275,50.16502023697305,0.09825496282028612,-0.01719728363026768,0.005373821244656432,-3.019189546021395,-2.853392906487347,ETF,103,0.55
TLT,,,36.225249154036646,-0.28809357961414683,-0.031300805976614464,0.007079153274217849,37.44189987640687,-0.23624518386433951,-0.024982176703692804,0.0066466256875591856,-0.7418425792096488,-3.375127676165297,ETF,109,0.53
IAI,,,51.556717746419935,-0.010995983906702951,0.012781877935696953,0.00619178247478026,51.75597652759441,0.04957784606393973,0.013469289165219127,0.0058368471723330125,-3.935790680062504,-3.60452125266107,ETF,111,0.52
DVY,,,50.31126454466986,-0.2798091430515381,-0.02058781103350321,0.002629037989905728,48.90115831942589,-0.2920263108296181,-0.019454119880400318,0.0037795261866230565,-3.6104155129171884,-3.689173226507613,ETF,113,0.51
OIH,,,51.31762970119459,0.12612610270855365,-0.8916935644392474,0.06817544766809507,46.01379113378691,0.03406827640040472,-0.8178637750288761,0.022543667959099838,-3.781799961553846,-4.048657878055696,ETF,121,0.47
SCHD,,,57.97499455714426,0.16923145455150962,-0.029871259021511148,-0.00615725065095007,60.03368060860309,0.2876693634758118,-0.030462075471834618,-0.0023472807469695958,-5.944152587823529,-4.143285071248795,ETF,123,0.47
IHI,,,58.29932305877321,0.03748440479672633,-0.005698281318737718,-0.0005607646522733077,55.114268127943696,-0.03251929443268123,-0.005313169502206977,0.000630675569540306,-5.531552057482899,-4.190192938811208,ETF,124,0.46
IYT,,,57.180528627563234,0.08690751144408589,0.015160141319946894,0.003241083934468039,62.13614497976353,0.17703761491443634,0.020220517693503488,0.00267997334787482,-6.42088807909056,-4.489220718357883,ETF,128,0.44
XLU,,,44.591861773296216,0.10626411182876197,-0.01984321576831524,0.00018500297594238743,43.02030514135681,0.1304088646359932,-0.01178620855890795,0.0020380800068980085,-3.4744110542339355,-4.713194362768633,ETF,131,0.43
TAN,,,37.81203585931507,0.020647242737140935,-0.07263579960522336,0.0017261861689238701,37.7408437724346,0.049830501581271766,-0.05723861063727398,0.0041430867190181105,-2.52267811402972,-4.9673901508547535,ETF,137,0.4
SOXX,,,56.48747115853774,-0.06272003980818842,0.0538383606754232,0.002332084435332442,57.70038830629268,-0.08245990812593981,0.033507917284096356,-0.0022736599950377314,-6.552326921238082,-5.13354097475504,ETF,138,0.4
ITA,,,55.08481187333139,-0.15873832864488804,0.034787387352102864,-0.001991444150916752,59.443572619232256,-0.20427865964534048,0.0370290176236635,-0.0014875868078379657,-6.610837503380833,-5.157999054124469,ETF,139,0.4
XOP,,,28.62455775515365,0.11348767264638299,-0.25988955730322993,0.00018237704947096737,31.237745033120163,0.21785679039457956,-0.2926180428436413,-0.0012843997052176157,-1.2136053735381622,-5.227375094710781,ETF,141,0.39
VIS,,,50.71153470266006,0.2619412228792767,-0.045994648568280574,0.012267880631101916,47.377458312770564,0.16669783553555761,-0.061593418546851075,0.009856795904153373,-5.146976417941352,-5.338077116398289,ETF,144,0.37
VHT,,,32.289601634761674,-0.009410264919428117,-0.07646978064443989,-0.0022348676143767897,32.472739364431256,0.042929423083549585,-0.10187472229303415,-0.011495808487443264,-1.8304618945166435,-5.35422779459735,ETF,145,0.37
VNQ,,,59.72037236239636,0.5263183937477057,-0.013251185473985044,0.00804164872171029,57.37028668808542,0.4412906192316876,-0.004662906153417172,0.012730528548824312,-7.065001491484365,-5.355935586436186,ETF,146,0.37
XLV,,,25.8478262041572,-0.27066461805356534,-0.039277482382033345,0.000713684580827427,25.638463282219497,-0.2452466852274057,-0.048610372645770485,-0.0010086681908792426,-0.7199237806847587,-5.571294832047089,ETF,148,0.36
VPU,,,40.129385814766664,0.055074291774648225,0.001520978820832255,0.0010066701650473537,42.25368061348229,0.04363145549681427,-0.007840493285113796,0.0008587260552504732,-4.223893145084578,-5.985586502259682,ETF,155,0.33
VDC,,,51.0575303766238,-0.1078056966202981,-0.01370592775376289,-0.0051068044564934675,50.63374803307907,-0.14057544969581715,-0.04910743892729814,-0.01695332694061321,-6.289010343291785,-6.119882502321499,ETF,156,0.32
IYJ,,,55.704007232980004,0.19021426149386694,-0.0330293346698983,-0.004902964096842736,57.662079273339806,0.17012216702814528,-0.026256896553481655,0.0016101008559387337,-7.781006818475617,-6.4443981678436355,ETF,158,0.31
XLRE,,,53.27372268692696,0.1393380656542515,0.002964962101528822,0.004775859446621382,53.31484327935812,0.041841388973413315,0.000623159947154553,0.004495225893081867,-7.372317829979046,-6.713461233350538,ETF,164,0.29
VCR,,,62.11726363559869,0.4741619513310108,0.04215543065935935,0.0100281219688402,61.01093589264197,0.5410817662302666,0.010096956329190812,0.009389986153291724,-9.045966997036613,-6.733147044212547,ETF,165,0.28
VTV,,,50.49343249091126,0.08338351431951915,-0.03900760542858368,-0.004336241337028011,49.11727240819347,0.11810357056882344,-0.038106544610610055,6.857719368634973e-05,-6.8417819736731635,-6.88071148376269,ETF,166,0.28
IWM,,,56.44136657401262,0.2524272097247545,0.005135448461060008,0.007424131569597502,53.35266648023843,0.05779181719510559,0.005089795643601858,0.013177596411335457,-7.922560348454921,-6.9431570430298155,ETF,167,0.27
VFH,,,49.37393371517179,0.013749295873256512,0.017196882974940573,0.004941915746550009,52.16498527422367,-0.08236489669013863,0.02429461466527848,0.004443624004347687,-7.458313343063356,-7.30442144412381,ETF,172,0.25
VYM,,,41.49205088054467,0.002239930205530915,-0.02304348642638844,-0.0012362332671979435,45.13128947769434,-0.010609054690388984,-0.020463334874099393,-0.0011962289389736117,-6.178870471299321,-7.5165364354754205,ETF,177,0.23
VOX,,,64.15515224595934,0.43205537215704426,-0.005577389375448037,0.005304786733467191,63.66712663300067,0.4469548905457035,-0.00463432343846132,0.003643914717961374,-10.56087825410134,-7.778650366205338,ETF,181,0.21
FIDU,,,45.835827274910685,0.009772930198730375,-0.004763145804970329,-0.002519199692569239,42.87365600093149,-0.03673356749051258,-0.013542719358899025,-0.003369955298435107,-7.393155706416957,-8.52220737883274,ETF,190,0.17
XLF,,,49.37616547020889,-0.08020687261756082,-0.001802623584648811,0.002061194057846165,55.04564718492924,0.04104537959003283,-0.000259767783944589,0.0007853204811851173,-9.124493889764285,-8.682312624250471,ETF,193,0.16
XPH,,,41.18647668121475,-0.05825355643194913,-0.06190232546806057,-0.017758320196164922,42.2342940296602,-0.03522990748913659,-0.0617001306524612,-0.015144678573205303,-7.45128144087222,-9.109204369784726,ETF,194,0.16
BRK-B,,,54.28715026884394,0.044877345698416685,0.12178240148721092,-0.014338961340911888,57.47467467222524,0.21274016548665073,0.1295103478484304,-0.028721905026457144,-10.342564954797858,-9.16638246069094,ETF,195,0.15
XLE,,,46.44959363527604,0.17656765324712514,-0.09681731373779363,0.003473778721636369,42.858125904831795,0.08813262676461227,-0.08400878179952664,0.0006486818557135142,-8.326037676755275,-9.395265722744492,ETF,199,0.13
XLB,,,40.129403584258654,0.19562450896002395,-0.03192873234957282,0.00555541756618714,42.27572172283906,0.13838769359773143,-0.04281386216531095,0.0012778121695639073,-7.709319692529354,-9.468807161819583,ETF,200,0.13
IYM,,,37.19264034975028,0.11191080045060482,-0.028275185959557022,0.014588600716711937,36.45732240000226,0.0658000338874551,-0.059862904871121725,0.01190274305178641,-7.002444347400033,-9.637448072424778,ETF,203,0.12
QQQ,,,54.4692086720148,-0.136560161410392,-0.1660467350114329,0.014247970989371295,53.73786411760739,-0.16175416463463385,-0.12071210499511624,0.012442182107803401,-10.547694698045317,-9.726987419083098,ETF,205,0.11
VBR,,,52.91846775606221,0.20996860315828927,-0.044740684922943356,-8.53486865217819e-05,51.66283398505847,0.16428907697520978,-0.03826767594241455,0.0023577847984285636,-10.294411948598299,-9.836281774486231,ETF,206,0.1
XLY,,,39.018277302842996,0.11170522856051379,-0.09969823530485383,-0.00437554710822226,38.42938329505978,0.02212004669904661,-0.07794930945944446,-0.0027378100223976205,-7.979201967525174,-10.234435907734897,ETF,212,0.08
XRT,,,54.76324768320008,0.036386019726235265,-0.0017543091454385957,0.000127124662885049,54.99760690899031,0.18660185912800206,-0.011670732420025072,0.001155645017913367,-14.777773010960304,-13.801687551741265,ETF,224,0.03
XBI,,,48.63387105602166,0.17455944964498296,-0.0019563956026105913,0.002067531777238906,43.43823709832442,0.08809467123138806,0.01517607740209461,0.005665492301785336,-13.222917595595865,-14.015706780161256,ETF,225,0.02
IBB,,,38.406168647472064,0.05951597896457018,-0.034445581223363456,0.0020678988150289136,30.430386849883668,-0.06816418018849223,-0.04370530449044583,-0.002400292225361552,-12.134760674216045,-15.251105124480471,ETF,227,0.01
KIE,,,50.13043506333186,-0.04202041799273403,0.0005164566823769045,-0.0008345891033671643,55.13637407384918,0.03312431766246571,0.005546950296406377,9.302308472015951e-05,-15.95245857350325,-15.425777659785147,ETF,228,0.01
XLC,,,47.759656492744725,0.10201569155245595,-0.03433390553449178,0.004797009171321364,45.570017945017945,0.022777672490907553,-0.03374305102089749,0.0033097571436904467,-17.544065763859503,-18.211098320083238,ETF,230,0.0
VLO,,,62.39093355282569,0.17329435830164078,-0.07483808460719758,0.003879398280681372,62.56052550362794,0.15996316828249516,-0.10497113152187505,0.00037280547641629013,10.437105261149524,12.932251166794888,Energy,7,0.97
BP,,,49.6994740073408,0.1678595764990084,-0.03685473019129383,0.003341320369481585,52.66988230419312,0.3136104929307603,-0.024266750910063674,0.006565332160957467,11.497222489221897,11.734158120375291,Energy,10,0.96
COP,,,32.96175041851113,0.09812148106822284,-0.1925489378123481,0.0011391718524574018,34.58153711040563,0.11060700820376865,-0.20961593890478047,-0.0026157293866946054,10.614517017247966,7.368845770139641,Energy,26,0.89
MPC,,,43.469122774371975,0.19658170851842152,-0.18228610690056743,-0.012822652107573945,40.402270633118505,0.1916900091588071,-0.12317552159271855,-0.005366336350441132,4.373428612799719,2.760567953548767,Energy,47,0.8
CVX,,,37.15952732587069,-0.08128449046580051,-0.21154151508141625,-0.013902065445980622,39.596352179893856,0.018340672480507823,-0.19670493160822194,-0.007868926414005412,4.500691960766259,2.176279911342714,Energy,52,0.77
EPD,,,61.14229908826517,0.19827405129886638,-0.00117661215670906,0.0001704336246350709,60.020844923162514,0.18967619999881194,-0.0007615655531237645,-0.000283674361257016,-0.6952988429478836,1.4210155581948851,Energy,57,0.75
PSX,,,43.770566801832125,0.1733781886195474,-0.034035214083704295,0.013188333924602441,41.302179518602635,0.1307990837395884,-0.07671513450467318,0.004243836882500969,2.884719023624707,1.3919936556681831,Energy,58,0.75
OKE,,,62.49467504818683,0.12309154687678688,0.08241064222253941,0.012501225909885628,69.01264468189167,0.14138213982480963,0.07717326941008117,0.007173830056212226,-4.958205236421394,-1.8074732634135433,Energy,85,0.63
SHEL,,,52.77632700011013,0.07783122062815523,-0.07043563757004118,0.004250502245013186,55.028798179486884,0.1933687156948742,-0.06135445989194616,0.0047977961112732935,-2.7716726566000824,-1.9911601386403808,Energy,89,0.61
OXY,,,35.05617108834145,-0.17354221409622522,-0.18385817164587542,-0.0006267116427379347,34.48441453606462,-0.16588213219971853,-0.18334732612304677,0.008656382176004559,0.2541140212485201,-2.7918274163108734,Energy,101,0.56
SU,,,50.84028170265002,0.11221814099085803,-0.10072261272002651,-0.0036316180795501053,51.53035439214443,-0.020192071032107697,-0.10648416710023689,-0.003568128528875378,-3.6900671510297434,-3.4530035415502978,Energy,110,0.52
TTE,,,50.27610429100865,-0.058611868592980454,-0.060230844017665555,0.0004506473646256415,49.46281766230453,-0.07128781576501494,-0.07514901221349617,-0.0028343803294546693,-4.365092442125283,-4.391200246793964,Energy,125,0.46
WMB,,,43.67856613537779,0.1435838654426706,-0.025806497898854072,-0.0010986437244989236,39.96357283985703,0.13351650695565648,-0.022308083753005702,-0.0013082210424410485,-4.972058650113909,-6.6078447525904265,Energy,159,0.31
FANG,,,41.84708630055561,0.02487425546747869,-0.06521695539361978,0.013537292170636742,41.309079932821895,0.027177358020240062,-0.051086813633168714,0.013238207710729486,-8.001272013372397,-9.685655390034647,Energy,204,0.11
XOM,,,49.508145842177946,0.034969961235886,-0.11276028855935082,-0.007822245569406609,48.65271939981589,-0.006804864071204714,-0.1270764102574654,-0.005717781430608445,-10.847104730710251,-11.031018206510868,Energy,217,0.06
KMI,,,49.79413966437255,0.07967709392700988,0.022889953581313804,0.00546703134564338,47.395855852777956,-0.045663736736649155,0.017643556818270317,0.003888203785958488,-10.924386808026869,-11.205387256311818,Energy,218,0.05
EOG,,,35.60422535239853,0.12536533514481135,-0.12370504239257225,0.00613531915676656,34.57423565861581,0.06917886272447951,-0.12802601456836107,0.003520892974752443,-12.99566118554408,-15.977815084442645,Energy,229,0.0
ICE,,,58.06918930885882,-0.1271266182064791,0.0342640882919173,0.0008525650797708039,60.11270349323324,-0.10296259324483337,0.03447657656270622,0.0007790476490764195,14.385908843624795,16.204098123834,Financials,4,0.98
BK,,,56.554052360636895,-0.3359641569007121,0.0305273247785072,0.0048255380273040166,62.808024170884906,-0.24823362730225954,0.042596703771212927,0.004106666162236284,3.139928424045913,5.076136077198093,Financials,33,0.86
COIN,,,38.27703361453361,0.005499592999592898,-0.1750433160914795,0.13057370795433232,39.98843887593888,0.01752083782230867,-0.09631774624998547,0.15669528333824845,6.182827181692678,4.0093744307399275,Financials,40,0.83
SCHW,,,60.98376117427251,0.023731488970954936,0.015589694827280872,0.016055824870558313,61.58955719975494,0.13083138561462324,0.015544385081877637,0.010379362929774646,1.2442212114519386,3.5015530488546838,Financials,41,0.82
AFL,,,58.854221596725665,-0.18344986226385612,0.003020190266263241,-0.0023718982527149114,58.21949020587471,-0.13070910374541725,0.00422655826239104,4.0078805365987494e-05,-3.0708371050811865,-1.3634659248211483,Financials,82,0.64
TROW,,,52.40753762742605,0.0013794123730454869,0.0971420843133976,0.015588976553356181,51.795124932131515,0.047907711797771584,0.09698518920957694,0.018850911350289372,-2.824388484655731,-2.404122228699975,Financials,93,0.6
SPGI,,,73.59699345862597,0.07194983681590925,0.2633346682073189,-0.00922621520834701,76.46996932705432,0.09405916952891785,0.24859525152726414,-0.0028143982140540137,-7.948355721499274,-2.941659442931245,Financials,104,0.55
MA,,,57.69948968881438,-0.35358852977886096,0.13842471643705437,0.01663487837043118,56.8305012262834,-0.266865322199758,0.14588678981811226,0.009502575036205422,-4.629609756907703,-3.1766106653979245,Financials,106,0.54
BLK,,,50.84023735321295,-0.20620553196429775,0.2943554677124944,0.10736601726484518,49.791298120268195,-0.11268896605133757,0.2606070978023672,0.09856519391174919,-4.632401949654585,-4.569248402306471,Financials,130,0.43
BAC,,,58.01349046839267,-0.24939787502316493,-0.006314357976202942,-0.00033781316469752375,59.54656993775026,-0.17517407351456213,-0.00930702944182546,0.0001276347721958684,-6.480737199473321,-4.7247311588590275,Financials,132,0.43
V,,,67.29673207999608,-0.019675966447914344,0.1848179969174748,-0.004403019203370762,68.02357096897369,0.03196505295750639,0.16219266857676362,0.0023281370077137416,-8.486436798403542,-4.954406493506567,Financials,136,0.41
PNC,,,42.840920426052655,-0.12990742793902543,-0.004627642440718171,0.016903974647831315,49.448753254050246,-0.022340938495579454,-0.08098286512198179,0.000196119242656911,-4.435478260815929,-5.206510892805639,Financials,140,0.39
ALL,,,51.45970242949989,-0.1980997502652476,-0.08051317940910523,-0.011553585946439652,51.203339240706,-0.2279805013283346,-0.0648577229081451,-0.011530753583593088,-5.513852059592165,-5.247547892571576,Financials,142,0.38
AXP,,,52.09734380641451,0.15703360691191695,0.11002917581661793,0.01701760389303502,49.45523237101078,0.05632620532324943,0.11621523967821713,0.012902041111054008,-7.181774260467537,-7.026516642725008,Financials,168,0.27
PYPL,,,56.769832810423026,-0.033263691463456646,0.008910543721855891,0.017293367582839496,59.413454194545956,0.029339250639638412,-7.844181741509063e-05,0.020899228317951185,-9.009833068000384,-7.391504367503487,Financials,175,0.24
PGR,,,52.146756974869135,-0.33599897468145973,-0.013168970924483887,-0.005426542214952579,54.13906392229448,-0.21638887332818244,0.009026749252291778,-0.0037353215761182497,-9.97846475355116,-9.349882663834798,Financials,197,0.14
WFC,,,43.75724137131748,-0.05034010382537722,-0.0389424527131577,-0.0028415610756835825,45.61115626255207,0.08734535252296166,-0.05666068877534911,-0.00384385828885843,-8.87557449822455,-9.938734734837595,Financials,208,0.1
HSBC,,,43.56399155833418,-0.09117040666196644,-0.017182457413537872,-0.006521049068753476,40.01052105214057,-0.17996899738795835,-0.014251008207767871,-0.0034735662087519072,-10.404940404942955,-12.047489143895481,Financials,220,0.04
USB,,,50.20480191335299,-0.014801516572735986,0.05828499213732808,0.0033512090098560834,48.04993919580202,-0.1177814415951029,0.05819252265633197,0.005126549522932277,-12.386273535196297,-12.560799424280797,Financials,221,0.04
JPM,,,61.354669900665996,-0.029640943494412552,0.008756825376198086,0.01477333144847668,62.20551133525426,-0.04227527514004722,-0.008670480647268856,0.005930077801765449,-15.315630117416557,-12.95961199382453,Financials,222,0.03
C,,,40.828153921197305,-0.09145075913919873,-0.13202235591278136,-0.004505825299873432,46.05033842976375,-0.030986114191416895,-0.14107919536454983,-0.01196897949233299,-12.454575761773476,-13.76672652667737,Financials,223,0.03
MRK,,,70.37732655324541,0.10104273793783614,0.07010830501451885,-3.7001290554825046e-05,66.42775758725134,-0.03200407243500696,0.04570938297513556,-0.0009692238865718749,2.630496239538429,6.311004653588103,Health Care,29,0.87
REGN,,,67.20882461049985,0.06836229203044647,2.054077293801562,0.08623038524080867,68.35842783459304,0.15411756932890258,1.8308655071354687,0.009157282359890403,0.7511231984829049,4.307848442992195,Health Care,37,0.84
VEEV,,,66.16083839589609,-0.05554140840253308,0.5570354657780476,-0.0157665538386261,66.79118852788369,-0.05401819522578887,0.42986458715576714,-0.03017269393393412,-0.7369857434082174,2.558216948969762,Health Care,49,0.79
ABBV,,,58.2329992002105,0.14280149111687926,0.1271956676783852,0.012429888416962721,65.81176369991101,0.3721879784317394,0.12640360380689267,0.011319894535619048,-0.2320458868090306,2.1724304032031214,Health Care,53,0.77
AZN,,,62.51811391903415,0.12114293527431945,0.10034265815364582,0.01081661245812603,59.73063947046348,0.009870366575711593,0.09594088387477012,0.013387669998237792,-0.7115784785226349,1.5132968604271275,Health Care,55,0.76
SYK,,,61.289521677333184,0.1604466811271679,0.07565168919607776,-0.009247284315949077,60.17754323658686,0.01639121310143447,0.1310830857799049,-0.013557174450709659,-0.8419372523773436,1.3047692390146608,Health Care,61,0.73
ABT,,,61.35720956258827,0.07777382943815844,0.03031592403073681,-0.002864715183547417,62.95312806412797,0.07897570840581972,0.03295053524650492,-0.00498687610284417,-2.1941162539285735,0.2369175087430504,Health Care,71,0.69
DXCM,,,43.64589552467823,-0.004994566804513737,-0.024791112899636404,0.021023982292567432,47.0632430033035,-0.004687958824317146,-0.014773797748352094,0.019622147671202947,0.9300745821699042,0.000988434968076768,Health Care,73,0.68
TMO,,,55.52571873686868,0.1319117539257989,0.21428194181579827,0.013261057696405967,55.86312005991422,0.16927965300634712,0.13361242007373686,0.017503531357382477,-2.895267311399457,-1.7563834317211668,Health Care,84,0.63
WAT,,,41.14188873421158,0.07441240398298701,-0.421355638953331,0.014878280280960764,40.43114057822023,0.19567225781178715,-0.4413358598297586,-0.002899589285666884,-0.5288664374290111,-2.3715635061858302,Health Care,92,0.6
ZBH,,,54.27969235877428,0.2584278248655063,-0.10168487285690775,0.01718576605743505,51.781959838617546,0.23628908736064794,-0.035587579043737695,0.020555749950855927,-3.292791631313064,-2.6866264115738816,Health Care,99,0.57
UNH,,,50.84599828410269,-0.2397664224834567,-0.21953731268281804,-0.09197034202818528,56.054801085780994,-0.18596303142792503,-0.2122489150133425,-0.09182463571790761,-3.508844966453308,-2.8187650294649393,Health Care,102,0.56
ISRG,,,45.535744924896235,-0.06523152835478933,-0.03444356009536522,0.0014191632610256342,47.951940444790544,-0.04468452739272404,-0.061481455876615965,0.0011205082152204455,-2.5095514202994433,-3.160782883330765,Health Care,105,0.54
MCK,,,44.53533563520557,-0.09501565936778103,-0.3268312909276512,-0.06483136415987768,44.34919305932486,-0.2029372463403506,-0.3207969924773642,-0.06634584506419602,-2.2099201540312423,-3.3214672845781994,Health Care,108,0.53
BIIB,,,45.326588970612804,0.20128537952512512,1.0573414888380102,0.18512143336384376,43.65978216594594,0.0175441760325332,1.1535615166300055,0.21061865387420678,-4.215633161617643,-5.316996047961769,Health Care,143,0.38
PFE,,,49.49681274956284,0.09391165910513431,-0.014461523126887558,0.0008610940906196956,51.13832804068039,0.04787660992268413,-0.011954690957814191,0.0019422856712867271,-5.9992717862623754,-5.935757707238052,Health Care,154,0.33
AMGN,,,48.34193400031505,0.03326802135780357,-0.09077292515790755,0.0031251571322676243,48.15048138965966,0.0622700622224469,-0.05206466322918394,0.009477633283927403,-6.8236960019068285,-7.174454462909358,Health Care,169,0.27
BMY,,,46.29910562974974,0.06425397774533347,-0.015227853697769638,-0.008147663468228507,46.56022541873938,-0.054143638434973086,-0.01805399097649316,-0.0015289083472740785,-6.660154200395726,-7.374221095546814,Health Care,174,0.24
A,,,39.17749927702707,0.19599508076478944,-0.24120416973750153,-0.042215936391815354,38.01858511402533,-0.0595479163761872,-0.24713691429604637,-0.03632214960164469,-5.153833996080049,-7.43422555697481,Health Care,176,0.23
MDT,,,42.97334546477258,0.0037469786535599425,-0.03734066540177532,0.00265834342464508,45.26169538638975,-0.06652425132402877,-0.02125913641890332,0.0028114917426202645,-6.3499328898470875,-7.5264288047308545,Health Care,178,0.23
LLY,,,56.84175442691837,0.06732127232126872,-0.08373309856600043,0.028417782342496475,56.250507281821754,0.07241948428369466,0.0003225301599654721,0.01926120127027413,-9.498583264758974,-8.189357093884961,Health Care,187,0.19
JNJ,,,48.82011603964762,-0.12271175256354755,-0.14034160484473426,-0.02133567452625408,47.0435839159298,-0.15926637494338988,-0.13184603235136585,-0.013843441963962984,-9.180731213195177,-9.594361217637434,Health Care,201,0.13
TRU,,,50.32772845980644,-0.13355505118075237,0.023670051616669567,0.00649559973246957,54.87700217024063,0.044469031033920615,0.015585452547461298,0.008964790718533679,9.450451537788144,9.97092460079285,Industrials,17,0.93
CSL,,,61.2133900318929,0.3043953515929769,0.16270415520413403,0.025523159337364893,56.84775286000527,0.1850017281594248,0.14241326413980515,0.023906442265824907,7.37038315469537,9.176497443885186,Industrials,24,0.9
EMR,,,45.17903168625396,-0.0013331212314477655,-0.10059284865836693,0.0037032290821236357,44.34835379296919,0.019785731342416003,-0.08237808641645532,0.0048683952955306115,7.989303713428809,6.942042261351124,Industrials,28,0.88
FDX,,,47.80210519578013,0.2714975344996571,0.12561676945881783,0.006055519180536461,43.83745876088899,0.11054914346141738,0.07344934419325926,-0.01363955766595498,5.38759923519825,4.551555630865162,Industrials,35,0.85
HII,,,40.148810365828254,-0.138892236582615,-0.38056278909211455,-0.04199932750531008,37.54651411827502,-0.23918949271808548,-0.3129486147583967,-0.03809701734903154,6.660873650529671,4.430406098939998,Industrials,36,0.84
RTX,,,60.896608172443024,-0.23254111775699324,0.05941106956213306,0.0010933168707294941,62.62554540237132,-0.1827511041979802,0.0661573208544886,-0.0016899900742853306,0.7806428867313244,3.132858244212759,Industrials,43,0.81
WM,,,48.371674148109314,-0.05581148340670789,-0.08946300910033364,0.0021210539943971843,48.60677588819318,0.07148630356556662,-0.0924983825233434,0.007495385880265216,1.2660056366819932,0.9638506403122422,Industrials,65,0.72
LMT,,,68.69673867704029,-0.2303691625016925,0.3736751300591654,-0.03979711488664364,69.59764762612943,-0.21981752299298707,0.3106733984038572,-0.04594137255334741,-2.9903961754013335,0.8390424549156381,Industrials,67,0.71
FAST,,,56.54929965335373,-0.04654169155797634,0.000704834217043049,0.0002844014599602205,48.11642917653727,-0.266262316440684,0.003161168943215527,9.772587184738331e-05,0.24911153167092745,0.7156844146600264,Industrials,68,0.7
BA,,,59.19801575681532,0.013335488803256029,-0.025663308766254223,-0.004840631562033325,56.743399524115276,-0.007415826232295082,0.01605513205322249,0.00024468699544815184,-3.5739834923946385,-1.979841964301579,Industrials,88,0.62
CAT,,,42.70941385390198,0.06408671899347851,-0.21679225388446752,0.010173609737002941,44.195236106768704,0.09264250631845164,-0.17625195304248698,0.014030879530335688,-0.7152128292842759,-2.0247478332172077,Industrials,90,0.61
BLDR,,,53.271920050311756,0.0447058736285504,-0.02034697167302858,0.004216777353880563,58.0514558902278,0.10481625588447492,-0.025214780610726482,0.005773643941248821,-3.6390283871443745,-2.5066907930904185,Industrials,97,0.58
EME,,,56.30792577222381,0.108708623274358,0.12397766001097468,0.009806632806597557,59.15375180267333,0.13963324483778194,0.10086153280123632,0.0111033951021173,-4.230037981633477,-2.683870224143763,Industrials,98,0.57
UBER,,,59.86346371493432,0.3262975978270096,0.32327113710818867,0.037343453567769545,64.58657246892541,0.45884409579068985,0.2893236616956205,0.027752455271701986,-6.234053593470822,-3.7890499750848488,Industrials,118,0.49
UPS,,,41.9968660611013,-0.14586378119580554,-0.05686882467952547,0.010174477922792633,45.06319577038671,-0.09233388034472234,-0.07485591894656318,0.004988585866896069,-2.5292382352435956,-3.823232052094794,Industrials,119,0.48
ADP,,,64.62021090480485,0.10460194220908021,-0.040673793881484246,0.029788856781499708,64.22650576990199,0.17110998539430378,-0.01375093403504204,0.03710029727058009,-7.758561336701168,-4.8738896692304845,Industrials,134,0.42
RSG,,,52.07105524837382,-0.08537626498364856,-0.0008761716093139835,0.0028922544561317976,55.86134267709348,-0.14237647396000297,-0.00993065734306822,0.001536199048807607,-6.561915388843147,-5.768675596296417,Industrials,150,0.35
PCAR,,,48.88675424537111,0.07365815068165875,-0.022794497702026188,0.00121606799133628,51.93538966049573,0.036442612401887814,-0.0038847091370483255,0.004681012135177886,-6.694216560129539,-6.612002169542856,Industrials,160,0.3
EFX,,,45.726732779587245,0.05834118843160881,-0.1554380262615955,0.07149066882298465,46.37765786534616,0.16510929082128326,-0.18266444710834043,0.051633073540127604,-6.906073158884871,-7.69563409439153,Industrials,180,0.22
GE,,,62.044863556542765,0.059912319089971446,-0.039165249121976574,-0.0035097149357400416,59.03431092284941,0.04420222319153348,-0.030674010662810634,-0.004106503230483298,-10.169664530097258,-8.061747082158039,Industrials,186,0.19
ITW,,,42.91424968760617,0.1062750579885879,-0.07336734942955363,0.00490361609048884,43.28073853471267,0.0032692422831916337,-0.05748883054080226,0.004614101739367399,-6.928772376356801,-8.309273554124918,Industrials,188,0.18
MAS,,,50.56963289164994,-0.07246568256727944,-5.7741236549052334e-05,-0.00011157952892502002,46.39171960390715,-0.09332115601550206,-0.013342160298885387,0.0003079514945840963,-8.034475106230444,-8.338339856674736,Industrials,189,0.18
FIX,,,45.467858095766836,0.029739842074164576,-0.07372120346334027,0.018130962738661844,47.689902373728216,0.1548285328433537,-0.0936534430421597,0.01573728106703829,-10.107289345368933,-10.791513298419428,Industrials,215,0.07
MMM,,,41.6114241844085,0.010451253596855649,-0.13263025004829085,0.012948617578530353,44.93410909563583,0.1355986385742486,-0.14228677216062147,0.009701905703730484,-9.516202258321778,-10.861648930317344,Industrials,216,0.06
HON,,,30.151834770374602,-0.29867439787098177,-0.08759945788294561,-0.0038728661265975623,32.161889883296354,-0.28573026615986513,-0.10118380241348936,-0.007673807663659559,-10.994442072384235,-14.763069607017139,Industrials,226,0.02
BILL,,,42.70228058978059,0.07847795205883448,0.4776572174851022,0.06608531814275571,46.71083942144315,0.13613954447971502,0.5281983967543259,0.0662929993195223,18.7264756241676,17.66778762528997,Information Technology,2,0.99
FTNT,,,66.71976021354223,0.03396429493076807,0.024877193480338143,0.006107662439135844,61.918244254539005,0.017757652971715946,0.01981850588095331,0.0010732293783095293,12.595794694744969,15.459595141553091,Information Technology,5,0.98
WDAY,,,64.70853601326911,0.20705410168043115,0.29710358916715035,0.03962467512410302,65.67309550791207,0.030736313231446134,0.3496205247860757,0.04260068616838978,10.629116138948469,13.667279291066588,Information Technology,6,0.97
CRM,,,48.414482160256156,0.12315222740043046,-0.11208818418046898,-0.016137204779277027,47.39059488272294,0.12091656825750584,-0.06553671995662227,-0.01722094178229042,11.990722498759311,11.57123020305722,Information Technology,11,0.95
CRWD,,,58.72313334813338,0.1719058452440806,0.6716786650761218,0.12103001766594534,61.05806878306879,0.21623739223739227,0.589074111719805,0.09488108995902192,8.053250381822492,10.03137059494271,Information Technology,15,0.93
SNPS,,,68.44382396501088,-0.08741621641524279,-0.39696852416737355,-0.01399277831275614,65.06111494396228,-0.02971259696481327,-0.31955565762855126,-0.014058710568405552,6.2113045984342765,9.561798489331593,Information Technology,18,0.92
MRVL,,,62.51339361562637,-0.042464792029389686,0.09712947674753737,0.003568703812563428,57.454656507066694,0.04886432769061483,0.07014467626510713,-0.0014932156759188773,7.4669323386684745,9.46373735093778,Information Technology,19,0.92
INTU,,,64.06530204086853,0.28145402858760804,0.26042222894813294,0.04450055466222878,63.85435048910162,0.06794732805556883,0.3445225077258743,0.059166838055431284,6.614949454183122,9.406914707180139,Information Technology,20,0.91
QCOM,,,39.851566050282315,0.04324924100719151,0.11282985712506348,0.024098111985496204,45.035017976229696,0.20424420012719433,0.1451751234036814,0.025606011678963144,10.828654259494176,9.317312662145376,Information Technology,21,0.91
IBM,,,60.926496074361125,-0.08720923784969739,0.08983626443121058,0.004414809445946429,56.85387829066383,-0.09662377008237741,-0.013337427205485707,-0.005898656358888154,6.004803619926022,7.782841056428518,Information Technology,25,0.89
JBL,,,48.07426769139531,0.2911877602403944,-0.03592402965087574,0.013500488094333287,44.66178193752464,0.25343632170227215,-0.03741044062952662,0.01269070461220384,8.049642220092057,7.323247182984052,Information Technology,27,0.88
MSFT,,,61.885428853014304,0.16563258991967492,0.4879060217369471,0.057189442269087606,62.650878172018665,0.09153014132815386,0.4413539482357341,0.04859722168167736,3.4088423317946637,5.8624730342979605,Information Technology,30,0.87
ORCL,,,54.83937687353696,0.5916114080659409,0.035497683960047134,-0.0006752999963465966,51.16720689114638,0.4907713467827132,0.04290301271805081,-0.004107181501675228,5.245838990658418,5.846497367126753,Information Technology,31,0.87
NVDA,,,69.65464409785626,0.22408837877951934,0.06862509650747341,0.008245121320388212,68.93829819211996,0.026062233126598923,0.06579400469467404,0.006624966325250766,1.5565315808451932,5.415825809842816,Information Technology,32,0.86
ANET,,,63.31008756775308,0.1225004254268448,0.20405769464799964,0.028667987985252677,67.52690778630365,0.1686542659458028,0.11319192543855315,0.03028784378036163,1.6119663368429853,4.695665872248659,Information Technology,34,0.85
NET,,,54.75438496688497,0.8116919006919009,0.16319458725057925,0.04883262835354889,56.58791393791395,0.8552858595652718,0.08378380559765713,0.03988333302727117,3.110116450785064,4.244346341264956,Information Technology,38,0.83
AVGO,,,65.77179705080445,0.31336513587301174,0.06802395156442198,0.01386850230647626,62.19373605287487,0.18172503413089758,0.07320554227858264,0.011205698705361401,1.390571333465611,4.187124643833544,Information Technology,39,0.83
NOW,,,68.13025316364185,0.12680069976208025,0.35637005206640465,0.06829558044061712,71.98278228028235,0.14491728148764885,0.4607211340269717,0.054963343356686546,-0.6822245433163755,3.3290790010760443,Information Technology,42,0.82
PANW,,,61.38121880548516,0.10387507741377246,0.46232340408894884,0.04602517869983659,62.249034633867595,0.15241869743414493,0.47346413388203873,0.03670720138041489,0.223823321208209,2.586848665143484,Information Technology,48,0.79
SMCI,,,59.17194851730514,0.3616421646472459,0.3259364501061495,0.13520853309111944,56.92406425546211,0.31198185469713635,0.33778646218421465,0.13553871458859507,0.779374067866567,2.388975345143293,Information Technology,50,0.78
ADI,,,64.28204966302728,0.1981339557397175,0.08839331732487538,-0.0026086920365425686,63.09524397673046,0.18998788374130426,0.12021350144010791,-0.0027139106918523423,-0.45516325089417137,2.2825661130816033,Information Technology,51,0.78
SAP,,,55.91802561883935,-0.10552194778809255,-0.04278224956002151,-0.00615442343160692,54.49079101127663,-0.0575556443505317,-0.054008441672699234,-0.010214293563015744,0.47220046655356035,1.5130821295651586,Information Technology,56,0.76
AMD,,,54.617173767389026,0.021081187058992656,0.34386226861205793,0.09374260759686363,55.41953411655952,0.17524782324434895,0.2977092634690199,0.08531014827167283,0.3221727236124275,1.3258435120072813,Information Technology,60,0.74
ROP,,,59.36659446962398,-0.05272669460204391,0.20650391521990927,0.016782141676877468,54.56766461122581,-0.055444356330007175,0.04976548412447866,-0.0001854278313239082,-0.13177525435578769,1.2616506537291916,Information Technology,62,0.73
DDOG,,,51.694949032449045,0.10871468808968805,0.011815598060692562,0.018314796312524074,54.746876897612196,0.273659984895279,0.10684004432298652,0.03902199671704547,0.46060634424519714,1.104788937251322,Information Technology,64,0.72
MDB,,,87.74200230597289,0.13792229720170823,1.9246971582930583,0.01494470760845912,86.97308524808521,0.052453324453323444,1.9499899321247642,0.05585524093795689,-6.593403368900371,0.8781053865054398,Information Technology,66,0.71
LRCX,,,59.19663398411279,-0.15414712732773786,0.5131506980650418,0.03470859613083095,56.36122854055806,-0.1464989197961231,0.5466186646597275,0.01338663790810308,-1.2711057078565609,0.28468054461052406,Information Technology,70,0.7
CSCO,,,34.207366951854134,-0.10361158256096963,-0.056416497450938546,0.002850782492004979,33.083139198328965,-0.06688726334634726,-0.05860829847138361,0.0024158998222424456,2.64178344743659,-0.6291659375451002,Information Technology,76,0.67
AMAT,,,62.31499080407259,0.09290689197912196,0.06892946673279972,0.002932781914346154,63.147241317617606,0.12290669986405192,0.06841071050489546,-0.001430260257717488,-6.213841535802222,-3.667618323633202,Information Technology,112,0.51
KEYS,,,45.896780116768355,-0.12124545795277474,-0.024785910285239677,-0.0031505472226726347,46.416719941476444,-0.03500969602867562,0.014643541197970279,0.001962440766843255,-2.923029255106342,-3.6916792492818615,Information Technology,114,0.5
KLAC,,,48.73442306486684,-0.19403826893464163,-0.283338846084602,-0.0188823497558341,49.32079175907208,-0.1597937917598916,-0.3477657634698279,-0.02306710654090248,-3.5349114184562724,-3.729389936062381,Information Technology,116,0.5
ROG,,,45.63722294477724,0.062482116885267835,-0.11412238232501752,-0.030662829641581003,43.06902945443742,-0.06864622615577562,0.001061427944149893,-0.020687594633776004,-2.6105774137192554,-3.739952173797789,Information Technology,117,0.49
TXN,,,46.222603194682144,0.11752250823171899,-0.01749618069930288,0.0016744989755675705,46.86754398129682,0.13590520315692198,0.006242678394692557,0.006891334607298906,-3.7477404500968015,-4.438725732498906,Information Technology,126,0.45
MU,,,53.702354541723444,0.06561508147836348,-0.052275162704384454,4.407276918009092e-05,47.27792357520087,-0.13823195036637267,-0.03723082178751126,0.005313025005203889,-4.561576359904523,-4.463548548212091,Information Technology,127,0.45
ADBE,,,56.37459860477402,-0.09103003594007186,0.3431688373211165,0.037745007066918836,60.81680413042495,-0.030076979956064665,0.30668262044761707,-0.003502880134092251,-6.262845741355596,-4.543705467835699,Information Technology,129,0.44
INTC,,,21.291056136223357,-0.3401159062951752,-0.2882564731383684,-0.017057948173116406,23.269290713100055,-0.2829317204358877,-0.2943265679141294,-0.018313927707131316,-0.291347556551403,-5.835312871619062,Information Technology,152,0.34
CDNS,,,62.108055766951296,-0.03795923224474951,-0.022681819221254878,-0.014162296760404232,62.07866894055116,-0.1676812330674761,0.02702850803816976,-0.006119654121832067,-8.332356089345721,-5.913683618595475,Information Technology,153,0.33
MSTR,,,52.70146392202085,0.13340134428201067,-0.049978541187678506,-0.01613767398351037,50.60488644723604,0.04245154490074502,-0.055305461278581734,-0.0066590354734911116,-8.023777128231131,-7.693142091305443,Information Technology,179,0.22
TER,,,60.04192160066074,0.20370005969209587,0.09120958535572254,0.02627478166782511,62.2443143817502,0.2696081904845576,0.05738548878366519,0.020634655851003925,-10.269146995302851,-8.040523397061758,Information Technology,184,0.2
AAPL,,,50.372400355759915,0.28422916417069,0.033099674617656845,0.004576892610539157,46.6389297016088,0.1931793114486487,0.0030039047446179306,-0.0022029546821193636,-7.754450785778232,-8.053317780041361,Information Technology,185,0.2
ADSK,,,54.417531072546495,-0.09421574963743307,0.14215102887762057,-0.02535049194256616,54.70457461020041,0.007226726836702623,0.13777138315682802,-0.013243477436739365,-11.00504736378493,-10.09283679551024,Information Technology,210,0.09
TSM,,,54.393971334000625,0.07900963215611143,0.030403514561627584,0.004756942167045409,58.893679238702425,0.13932196453873025,0.04773423238264799,0.007049301849444997,-11.791654567599643,-10.462889510329338,Information Technology,213,0.07
ACN,,,55.8296435934042,-0.17119046636777957,0.11309909219668272,-0.004201147907896902,57.41920390898989,-0.05353961232387953,0.07294274046853663,0.014402918300339315,-12.109665040999737,-10.784780290760327,Information Technology,214,0.07
MCHP,,,48.58063048396342,-0.002928949411753766,0.017723456566336553,-0.003961807594243592,49.44546566424865,-0.09362990377717173,-0.014312218025622069,-0.004286657504020824,-11.83624844889967,-12.033638834078463,Information Technology,219,0.05
RS,,,50.34167175336003,0.12048302854353263,-0.043729131246540695,0.03979664360909753,50.28446220775791,0.1418223242752537,-0.00993360102337119,0.038899364278608586,16.62411792795996,16.686731324071758,Materials,3,0.99
ECL,,,50.68422661009129,-0.20508985777625402,-0.014687201951644505,0.00027889690860864665,50.38141836495727,-0.14029122022645243,0.012702866308199756,0.0037321457225152183,-2.586973092930698,-2.4804085954258426,Materials,95,0.59
NUE,,,42.22716463777746,0.10875986802863372,-0.1211792341307644,0.018604298228240546,46.84364486180907,0.2128298595901042,-0.10656417395185436,0.01881078804788894,-1.6738760679881777,-2.766795118029525,Materials,100,0.57
IFF,,,45.945712967590225,-0.23550245406426745,-0.12118496207888085,-0.013450481469056553,48.20504580204171,-0.05814516881325656,-0.08540378215678174,-0.0016332930148159261,-4.295115890993234,-4.88004001403004,Materials,135,0.41
SHW,,,48.63151740998581,0.006962674926418291,0.042082762175848464,-0.0004962499669304011,47.50386923729025,-0.1387686313805605,0.05107004618080355,-0.004299786514194761,-6.275121626443319,-6.6615829617157125,Materials,161,0.3
CTVA,,,36.84965682465682,-0.1017027463277467,0.03343007512473846,-0.002579167172112018,38.83513675866617,-0.2749662578706701,0.01617738312906675,-0.0013393556665914526,-6.205804944357722,-8.637325586025423,Materials,191,0.17
BHP,,,29.451810144264414,0.08435011075591176,-0.09164035397732431,-0.004190492146520814,27.395366702274735,0.050726449974202246,-0.10495046411795293,-0.006173334506257846,-5.071740452777073,-9.387022768123158,Materials,198,0.14
PLD,,,57.979654902318416,-0.0839080906227978,-0.0007278659266945129,-0.003114823168235524,58.65486316486255,-0.10756763558883765,-0.0014345681900752524,0.0007561526102729402,-0.30569493044979057,1.3577568762683057,Real Estate,59,0.74
Z,,,66.51103424302451,-0.039666069431455966,0.03523574730227758,0.019177730799209345,66.19194346303692,-0.05101318460577648,0.03457843724590235,0.01733250762400483,-9.641808927291013,-6.3715111566848694,Real Estate,157,0.32
CEG,,,67.10498159248161,0.22881977281977328,0.06017466292176144,0.028205917891653297,68.68581927331925,0.3143684836405417,0.09812204018408448,0.028724580880635547,5.658471850518811,9.237551937098898,Utilities,22,0.9
VST,,,37.488826587356,-0.03861774962510266,-0.008542691614806435,0.00909641824745378,41.20625393125394,-0.05882292196107986,-0.026691012133866317,-0.00025336380576387326,-1.9923409359487068,-4.122832884087713,Utilities,122,0.47
NEE,,,40.098581942930196,0.01432476487558763,-0.2626001663302655,-0.021354786956536063,39.51854993053738,0.03968147569618373,-0.23107512325251947,-0.014171914083845391,-3.7348524748466305,-5.773139287499873,Utilities,151,0.34
